Дата,Kyrgyz_Altyn_Slitok_1_Цена_обратного_выкупа,Kyrgyz_Altyn_Slitok_1_Цена_продажи,Kyrgyz_Altyn_Slitok_2_Цена_обратного_выкупа,Kyrgyz_Altyn_Slitok_2_Цена_продажи,Kyrgyz_Altyn_Slitok_5_Цена_обратного_выкупа,Kyrgyz_Altyn_Slitok_5_Цена_продажи,Kyrgyz_Altyn_Slitok_10_Цена_обратного_выкупа,Kyrgyz_Altyn_Slitok_10_Цена_продажи,Kyrgyz_Altyn_Slitok_20_Цена_обратного_выкупа,Kyrgyz_Altyn_Slitok_20_Цена_продажи,Kyrgyz_Altyn_Slitok_31_Цена_обратного_выкупа,Kyrgyz_Altyn_Slitok_31_Цена_продажи,Kyrgyz_Altyn_Slitok_50_Цена_обратного_выкупа,Kyrgyz_Altyn_Slitok_50_Цена_продажи,Kyrgyz_Altyn_Slitok_100_Цена_обратного_выкупа,Kyrgyz_Altyn_Slitok_100_Цена_продажи,Kyrgyz_Altyn_Slitok_1000_Цена_обратного_выкупа,Kyrgyz_Altyn_Slitok_1000_Цена_продажи,NBKR_Slitok_1_Цена_обратного_выкупа,NBKR_Slitok_1_Цена_продажи,NBKR_Slitok_2_Цена_обратного_выкупа,NBKR_Slitok_2_Цена_продажи,NBKR_Slitok_5_Цена_обратного_выкупа,NBKR_Slitok_5_Цена_продажи,NBKR_Slitok_10_Цена_обратного_выкупа,NBKR_Slitok_10_Цена_продажи,NBKR_Slitok_31_Цена_обратного_выкупа,NBKR_Slitok_31_Цена_продажи,NBKR_Slitok_100_Цена_обратного_выкупа,NBKR_Slitok_100_Цена_продажи,Optima_Покупка_EUR_Безналичные,Optima_Покупка_KZT_Безналичные,Optima_Покупка_RUB_Безналичные,Optima_Покупка_USD_Безналичные,Optima_Продажа_EUR_Безналичные,Optima_Продажа_KZT_Безналичные,Optima_Продажа_RUB_Безналичные,Optima_Продажа_USD_Безналичные
2024-12-17,8724.0,8767.5,16250.0,16315.0,38805.0,38921.5,75957.5,76109.0,150882.5,153146.0,233408.0,236909.5,374187.0,385413.0,745879.5,768256.0,7601084.0,7646690.5,8810.5,8854.5,16344.0,16409.0,38963.0,39080.0,76147.0,76299.0,233612.0,237116.5,746271.5,768659.5,91.0,0.116,0.83,86.85,92.0,0.182,0.86,87.35
2024-12-16,,,,,,,,,,,,,,,,,,,8820.5,8864.5,16364.0,16429.5,39014.0,39131.0,76248.5,76401.0,233928.0,237436.5,747286.0,769704.5,,,,,,,,
2024-12-15,,,,,,,,,,,,,,,,,,,,,,,,,,,,,,,90.7,0.116,0.825,86.85,91.7,0.182,0.855,87.35
2024-12-14,8734.0,8777.5,16270.0,16335.0,38856.0,38972.5,76059.0,76211.0,151085.5,153352.0,233723.5,237229.5,374694.5,385935.5,746894.0,769301.0,7611229.5,7656897.0,,,,,,,,,,,,,,0.116,,86.85,,0.182,,87.35
2024-12-13,8791.0,8835.0,16383.5,16449.0,39142.0,39259.5,76631.0,76784.5,152228.0,154511.5,235500.5,239033.0,377551.5,388878.0,752606.0,775184.5,7668351.0,7714361.0,8877.5,8921.5,16478.0,16543.5,39300.0,39417.5,76820.5,76974.5,235704.5,239240.0,752998.0,775588.0,90.7,0.116,0.825,86.85,91.7,0.182,0.855,87.35
2024-12-12,8849.5,8894.0,16501.0,16567.0,39437.0,39555.0,77221.0,77375.0,153405.5,155707.0,237332.0,240892.0,380496.5,391911.5,758494.5,781249.0,7727233.0,7773596.5,8936.0,8980.5,16595.0,16661.5,39594.5,39713.5,77410.5,77565.0,237536.0,241099.0,758886.0,781653.0,90.7,0.116,0.825,86.85,91.7,0.182,0.855,87.35
2024-12-11,8805.5,8849.5,16413.0,16478.5,39215.5,39333.0,76777.5,76931.0,152520.5,154808.5,235955.5,239495.0,378283.5,389632.0,754069.5,776691.5,7682984.5,7729082.0,8892.0,8936.5,16507.0,16573.0,39373.0,39491.0,76967.0,77121.0,236159.5,239702.0,754461.5,777095.0,90.7,0.116,0.825,86.85,91.7,0.182,0.855,87.35
2024-12-10,8756.5,8800.0,16314.5,16380.0,38968.0,39085.0,76283.0,76435.5,151533.0,153806.0,234420.0,237936.0,375814.0,387088.5,749132.0,771605.5,7633607.5,7679409.0,8842.5,8887.0,16408.5,16474.0,39126.0,39243.0,76472.5,76625.5,234624.0,238143.0,749523.5,772009.5,90.7,0.116,0.825,86.85,91.7,0.182,0.855,87.35
2024-12-09,,,,,,,,,,,,,,,,,,,8746.5,8790.5,16216.5,16281.5,38642.5,38758.0,75505.5,76020.5,231620.5,235095.0,739868.0,762064.0,90.7,0.116,0.825,86.85,91.7,0.182,0.855,87.35
2024-12-08,,,,,,,,,,,,,,,,,,,,,,,,,,,,,,,90.7,0.116,0.825,86.85,91.7,0.182,0.855,87.35
2024-12-07,8655.0,8698.5,16117.5,16182.0,38479.5,38595.0,75311.0,75825.5,149595.5,151839.5,231411.5,234882.5,370979.0,382108.5,739469.0,761653.5,7537052.0,7582274.5,,,,,,,,,,,,,90.7,0.116,0.825,86.85,91.7,0.182,0.855,87.35
2024-12-06,8663.0,8706.5,16133.5,16198.0,38519.5,38635.0,75390.5,75825.5,149754.5,152001.0,231659.0,235134.0,371377.0,382518.0,740264.5,762472.5,7545005.5,7590275.5,8754.5,8798.5,16232.0,16297.0,38682.0,38798.0,75585.5,76020.5,231868.0,235346.0,740663.5,762883.5,90.7,0.116,0.825,86.85,91.7,0.182,0.855,87.35
2024-12-05,8687.0,8730.0,16181.0,16245.5,38638.5,38754.0,75628.0,75825.5,150229.0,152482.5,232396.5,235882.5,372563.0,383740.0,742636.5,764915.5,7568725.5,7614138.0,8778.0,8822.0,16279.5,16344.5,38801.0,38917.5,75823.0,76020.5,232605.5,236095.0,743035.5,765326.5,90.7,0.116,0.825,86.85,91.7,0.182,0.855,87.35
2024-12-04,8664.5,8708.0,16136.5,16201.0,38526.5,38642.0,75404.5,75825.5,149782.5,152029.0,231702.5,235178.0,371446.5,382590.0,740404.0,762616.0,7546400.5,7591679.0,8756.0,8799.5,16235.0,16300.0,38689.0,38805.0,75599.0,76020.5,231911.5,235390.0,740803.0,763027.0,90.7,0.116,0.825,86.85,91.7,0.182,0.855,87.35
2024-12-03,8668.5,8712.0,16144.5,16209.0,38547.0,38663.0,75446.0,75825.5,149865.0,152113.0,231830.5,235308.0,371653.0,382802.5,740816.5,763041.0,7550527.0,7595830.5,8760.0,8804.0,16243.0,16308.0,38710.0,38826.0,75640.5,76020.5,232039.5,235520.5,741215.5,763452.0,90.7,0.116,0.825,86.85,91.7,0.182,0.855,87.35
2024-12-02,,,,,,,,,,,,,,,,,,,8785.0,8828.5,16293.0,16358.0,38834.5,38951.0,75890.0,76041.5,232814.0,236306.5,743705.5,766016.5,90.7,0.116,0.825,86.85,91.7,0.182,0.855,87.35
2024-12-01,,,,,,,,,,,,,,,,,,,,,,,,,,,,,,,90.7,0.116,0.825,86.85,91.7,0.182,0.855,87.35
2024-11-30,8693.5,8737.0,16194.0,16259.0,38672.0,38788.0,75695.5,75846.5,150363.0,152618.5,232605.0,236094.0,372898.0,384085.0,743306.5,765605.5,7575423.0,7620875.5,,,,,,,,,,,,,90.7,0.116,0.825,86.85,91.7,0.182,0.855,87.35
2024-11-29,8668.0,8711.0,16143.0,16207.5,38543.0,38659.0,75438.0,75825.5,149849.0,152097.0,231806.0,235283.0,371613.5,382761.5,740737.5,762959.5,7549732.5,7595031.0,8759.0,8803.0,16241.5,16306.5,38706.0,38822.0,75632.5,76020.5,232015.0,235495.0,741136.0,763370.5,90.7,0.116,0.825,86.85,91.7,0.182,0.855,87.35
2024-11-28,8665.0,8708.5,16137.5,16202.0,38529.5,38645.0,75410.0,75825.5,149793.5,152040.5,231719.5,235195.5,371474.5,382619.0,740460.0,762673.5,7546959.0,7592240.5,8756.5,8800.0,16236.0,16301.0,38692.0,38808.0,75605.0,76020.5,231928.5,235407.5,740859.0,763084.5,90.7,0.116,0.825,86.85,91.7,0.182,0.855,87.35
2024-11-27,8613.0,8656.0,16033.5,16097.5,38267.0,38382.0,75674.0,75825.5,148747.0,150978.5,230092.0,233543.5,368857.5,379923.5,735227.5,757284.5,7494634.5,7539602.5,8704.5,8748.0,16132.0,16196.5,38430.0,38545.0,75081.0,76020.5,230301.0,233755.5,735626.5,757695.0,90.7,0.116,0.825,86.85,91.7,0.182,0.855,87.35
2024-11-26,8649.0,8692.5,16105.5,16170.0,38448.5,38564.0,75674.0,75825.0,149471.5,151713.5,231218.5,234687.0,370669.0,381789.0,738849.0,761014.5,7530852.0,7576037.0,8740.5,8784.0,16204.0,16269.0,38611.5,38727.0,75443.5,76020.5,231427.5,234899.0,739248.0,761425.5,90.7,0.116,0.825,86.85,91.7,0.182,0.855,87.35
2024-11-25,,,,,,,,,,,,,,,,,,,8881.0,8925.5,16485.0,16551.0,39318.0,39435.5,76856.5,77010.5,235816.0,239353.5,753357.0,775957.5,90.7,0.116,0.825,86.85,91.7,0.182,0.855,87.35
2024-11-24,,,,,,,,,,,,,,,,,,,,,,,,,,,,,,,90.7,0.116,0.825,86.85,91.7,0.182,0.855,87.35
2024-11-23,8789.5,8833.5,16386.5,16452.0,39155.0,39272.5,76662.0,76815.5,152293.0,154577.5,235607.0,239141.0,377725.5,389057.5,752958.0,775546.5,7671938.5,7717970.0,,,,,,,,,,,,,90.7,0.116,0.825,86.85,91.7,0.182,0.855,87.35
2024-11-22,8707.5,8751.0,16222.0,16287.0,38742.0,38858.5,75836.0,75988.0,150644.0,152903.5,233042.5,236538.0,373601.5,384809.5,744712.5,767053.5,7589482.5,7635019.5,8799.0,8843.0,16321.0,16386.0,38905.0,39021.5,76030.5,76183.0,233251.5,236750.0,745111.0,767464.5,90.7,0.116,0.825,86.85,91.7,0.182,0.855,87.35
2024-11-21,8639.0,8682.0,16085.0,16149.5,38397.5,38512.5,75146.5,75297.0,149267.5,151506.5,230901.5,234365.0,370159.0,381263.5,737829.5,759964.0,7520653.5,7565777.5,8730.5,8774.0,16184.0,16248.5,38560.0,38676.0,75341.5,76020.5,231110.5,234577.0,738228.5,760375.0,90.7,0.116,0.825,86.85,91.7,0.182,0.855,87.35
2024-11-20,8591.0,8634.0,15989.0,16053.0,38156.0,38270.5,74663.5,74813.0,148302.5,150527.0,229400.5,232841.5,367745.5,378778.0,733004.5,754994.5,7472403.5,7517238.0,8682.5,8725.5,16087.5,16152.0,38318.5,38433.5,74858.0,75008.0,229609.5,233054.0,733403.5,755405.5,90.7,0.116,0.825,86.85,91.7,0.182,0.855,87.35
2024-11-19,8545.5,8588.5,15898.5,15962.0,37928.0,38042.0,74208.0,74356.5,147393.0,149604.0,227986.5,231406.0,365471.5,376435.5,728457.5,750311.0,7426934.5,7471496.5,8637.0,8680.0,15997.0,16061.0,38091.0,38205.0,74402.5,74551.5,228195.5,231618.5,728856.5,750722.0,90.7,0.116,0.825,86.85,91.7,0.182,0.855,87.35
2024-11-18,,,,,,,,,,,,,,,,,,,8540.0,8582.5,15803.0,15866.5,37602.5,37715.5,73426.5,73573.5,225163.5,228541.0,719109.0,740682.5,90.7,0.116,0.825,86.85,91.7,0.182,0.855,87.35
2024-11-17,,,,,,,,,,,,,,,,,,,,,,,,,,,,,,,90.7,0.116,0.825,86.85,91.7,0.182,0.855,87.35
2024-11-16,8448.5,8491.0,15704.5,15767.5,37440.0,37552.5,73232.0,73378.5,145443.5,147625.5,224954.5,228329.0,360596.5,371414.0,718710.0,740271.5,7329461.5,7373438.5,,,,,,,,,,,,,90.7,0.116,0.825,86.85,91.7,0.182,0.855,87.35
2024-11-15,8426.0,8468.0,15659.5,15722.0,37326.5,37438.5,73004.5,73150.5,144989.5,147164.5,224248.5,227612.0,359460.5,370244.5,716439.5,737932.5,7306753.5,7350594.0,8517.5,8560.0,15758.0,15821.0,37489.0,37601.5,73199.0,73345.5,224457.5,227824.0,716838.5,738343.5,90.7,0.116,0.825,86.85,91.7,0.182,0.855,87.35
2024-11-14,8498.5,8541.0,15804.0,15867.0,37690.0,37803.0,73731.5,73879.0,146441.5,148638.0,226506.0,229903.5,363091.0,373984.0,723698.5,745409.5,7379344.0,7423620.0,8589.5,8632.5,15902.5,15966.0,37852.5,37966.0,73926.0,74074.0,226715.0,230116.0,724097.5,745820.0,90.7,0.116,0.825,86.85,91.7,0.182,0.855,87.35
2024-11-13,8520.5,8563.0,15848.5,15912.0,37802.5,37915.5,73956.5,74104.0,146890.0,149093.5,227204.5,230612.5,364214.0,375140.5,725943.0,747721.5,7401791.5,7446202.5,8612.0,8655.0,15947.0,16011.0,37965.0,38079.0,74151.0,74299.0,227413.5,230824.5,726342.0,748132.5,90.7,0.116,0.825,86.85,91.7,0.182,0.855,87.35
2024-11-12,8570.0,8613.0,15947.0,16011.0,38050.5,38165.0,74453.0,74602.0,147882.5,150100.5,228747.5,232178.5,366695.0,377696.0,730904.0,752831.0,7451398.5,7496107.0,8661.5,8704.5,16046.0,16110.0,38213.5,38328.0,74647.5,74797.0,228956.5,232390.5,731303.0,753242.0,90.7,0.116,0.825,86.85,91.7,0.182,0.855,87.35
2024-11-11,,,,,,,,,,,,,,,,,,,8844.5,8888.5,16412.0,16478.0,39135.0,39252.5,76491.0,76643.5,234680.0,238200.5,749704.5,772195.5,90.7,0.116,0.825,86.85,91.7,0.182,0.855,87.35
2024-11-10,,,,,,,,,,,,,,,,,,,,,,,,,,,,,,,90.7,0.116,0.825,86.85,91.7,0.182,0.855,87.35
2024-11-09,8753.0,8797.0,16313.5,16379.0,38972.0,39089.0,76296.0,76448.5,151562.5,153836.0,234471.0,237988.0,375898.5,387175.5,749305.5,771784.5,7635414.5,7681227.0,,,,,,,,,,,,,90.7,0.116,0.825,86.85,91.7,0.182,0.855,87.35
2024-11-08,,,,,,,,,,,,,,,,,,,,,,,,,,,,,,,90.7,0.116,0.825,86.85,91.7,0.182,0.855,87.35
2024-11-07,,,,,,,,,,,,,,,,,,,,,,,,,,,,,,,90.7,0.116,0.825,86.85,91.7,0.182,0.855,87.35
2024-11-06,8885.5,8929.5,16589.0,16655.5,39670.5,39789.5,77698.5,77854.0,154363.0,156678.5,238826.0,242408.5,382901.0,394388.0,763305.0,786204.0,7775427.5,7822080.0,8984.0,9029.0,16691.0,16757.5,39836.0,39955.5,77893.0,78049.0,239035.0,242620.5,763705.5,786617.0,90.7,0.116,0.825,86.85,91.7,0.182,0.855,87.35
2024-11-05,8853.0,8897.0,16524.0,16590.0,39507.0,39625.5,77371.0,77525.5,153709.0,156014.5,237809.0,241376.0,381265.5,392703.5,760035.0,782836.0,7742730.0,7789186.0,8951.5,8996.0,16626.0,16692.5,39672.5,39791.5,77565.5,77720.5,238018.0,241588.5,760436.0,783249.0,90.7,0.116,0.825,86.85,91.7,0.182,0.855,87.35
2024-11-04,,,,,,,,,,,,,,,,,,,8956.0,9001.0,16635.0,16701.5,39696.0,39815.0,77612.5,77768.0,238164.0,241736.5,760905.0,783732.0,90.7,0.116,0.825,86.85,91.7,0.182,0.855,87.35
2024-11-03,,,,,,,,,,,,,,,,,,,,,,,,,,,,,,,90.7,0.116,0.825,86.85,91.7,0.182,0.855,87.35
2024-11-02,8857.5,8901.5,16533.5,16599.5,39530.5,39.0,77418.0,77573.0,153803.0,156110.0,237955.0,241524.0,381498.5,392943.5,760499.0,783314.0,7747419.0,7793903.5,,,,,,,,,,,,,90.7,0.116,0.825,86.85,91.7,0.182,0.855,87.35
2024-11-01,8829.5,8873.5,16477.5,16543.5,39390.0,39508.5,77137.5,77292.0,153243.0,155541.5,237084.0,240640.0,380098.5,391501.5,757699.0,780430.0,7719421.0,7765737.5,8928.0,8973.0,16579.5,16646.0,39555.5,39674.0,77332.0,77487.0,237293.0,240852.5,758105.0,780848.0,90.7,0.116,0.825,86.85,91.7,0.182,0.855,87.35
2024-10-31,8949.5,8994.0,16717.5,16784.0,39993.0,40113.0,78343.5,78500.0,155651.0,157985.5,240829.0,244441.5,386120.5,397704.0,769740.0,792832.0,7839828.0,7886867.0,9048.0,9093.0,16819.0,16886.5,40158.5,40279.0,78538.0,78695.0,241038.0,244653.5,770145.5,793250.0,90.7,0.116,0.825,86.85,91.7,0.182,0.855,87.35
2024-10-30,8925.5,8970.5,16670.0,16736.5,39873.5,39993.0,78104.5,78260.5,155174.0,157501.5,240087.0,243688.5,384927.0,396475.0,767353.5,790374.5,7815967.0,7862863.0,9024.0,9069.5,16771.5,16838.5,40039.0,40159.0,78299.0,78455.5,240296.0,243900.5,767759.5,790792.5,90.7,0.116,0.825,86.85,91.7,0.182,0.855,87.35
2024-10-29,8847.0,8891.5,16517.0,16583.0,39492.5,39611.0,77346.0,77500.5,153662.5,155967.5,237737.5,241303.5,381149.0,392583.0,759799.5,782593.5,7740523.0,7786966.0,8949.0,8994.0,16621.5,16688.0,39661.5,39780.0,77543.5,77698.5,237949.5,241518.5,760215.0,783021.5,90.7,0.116,0.825,86.85,91.7,0.182,0.855,87.35
2024-10-28,,,,,,,,,,,,,,,,,,,8920.5,8965.5,16564.5,16631.0,39518.5,39637.0,77257.5,77412.0,237061.5,240617.5,757360.0,780081.0,90.7,0.116,0.825,86.85,91.7,0.182,0.855,87.35
2024-10-27,,,,,,,,,,,,,,,,,,,,,,,,,,,,,,,90.7,0.116,0.825,86.85,91.7,0.182,0.855,87.35
2024-10-26,8819.0,8863.0,16460.0,16526.0,39349.5,39467.5,77060.0,77214.0,153091.5,155388.0,236849.5,240402.0,379721.0,391112.5,756944.5,779652.5,7711973.0,7758244.5,,,,,,,,,,,,,90.7,0.116,0.825,86.85,91.7,0.182,0.855,87.35
2024-10-25,8820.5,8864.5,16463.0,16529.0,39357.5,39475.5,77075.0,77229.5,153122.0,155418.5,236896.5,240450.0,379796.5,391190.5,757096.0,779809.0,7713490.0,7759771.0,8922.0,8967.0,16567.5,16634.0,39526.0,39644.5,77272.5,77427.5,237108.5,240665.0,757512.0,780237.5,90.7,0.116,0.825,86.85,91.7,0.182,0.855,87.35
2024-10-24,8806.0,8850.5,16435.0,16500.5,39286.5,39404.5,76933.5,77087.5,152839.5,155132.0,236457.5,240004.5,379090.5,390463.5,755684.0,778354.5,7699372.0,7745568.5,8908.0,8952.5,16539.5,16605.5,39455.0,39573.5,77131.5,77285.5,236669.5,240219.5,756100.0,778783.0,90.7,0.116,0.825,86.85,91.7,0.182,0.855,87.35
2024-10-23,8806.5,8850.5,16435.0,16501.0,39287.0,39405.0,76935.0,77089.0,152842.0,155135.0,236462.0,240009.0,379097.5,390470.5,755698.0,778369.0,7699509.5,7745706.5,8908.5,8953.0,16540.0,16606.0,39456.0,39574.0,77132.5,77287.0,236673.5,240224.0,756114.0,778797.5,90.7,0.116,0.825,86.85,91.7,0.182,0.855,87.35
2024-10-22,8806.0,8850.5,16435.0,16500.5,39286.5,39404.5,76933.5,77087.5,152839.5,155132.0,236457.5,240004.5,379090.5,390463.5,755684.0,778355.0,7699372.0,7745568.5,8908.0,8952.5,16539.5,16605.5,39455.0,39573.5,77131.5,77285.5,236669.5,240219.5,756100.0,778783.0,90.7,0.116,0.825,86.85,91.7,0.182,0.855,87.35
2024-10-21,,,,,,,,,,,,,,,,,,,8842.5,8887.0,16408.5,16474.0,39125.5,39243.0,76472.0,76625.0,234621.5,238141.0,749516.5,772002.0,90.7,0.116,0.825,86.85,91.7,0.182,0.855,87.35
2024-10-20,,,,,,,,,,,,,,,,,,,,,,,,,,,,,,,90.7,0.116,0.825,86.85,91.7,0.182,0.855,87.35
2024-10-19,8737.5,8781.5,16300.5,16366.0,38953.5,39070.0,76269.0,76421.5,151523.5,153796.5,234405.0,237921.0,375789.0,387062.5,749079.0,771551.0,7633538.0,7679339.0,,,,,,,,,,,,,90.7,0.116,0.825,86.85,91.7,0.182,0.855,87.35
2024-10-18,8673.0,8716.5,16171.0,16236.0,38628.0,38743.5,75618.0,75769.0,150223.5,152476.5,232383.0,235869.0,372537.5,383713.5,742578.0,764855.0,7568528.0,7613939.5,8778.0,8822.0,16279.0,16344.0,38800.0,38916.5,75821.0,75972.5,232599.5,236088.5,743016.0,765306.0,90.7,0.116,0.825,86.85,91.7,0.182,0.855,87.35
2024-10-17,8636.0,8679.0,16097.0,16161.0,38436.5,38552.0,75243.5,75394.0,149475.5,151718.0,231220.5,234688.5,370667.5,381787.5,738839.5,761004.5,7531144.0,7576331.0,8740.5,8784.5,16204.5,16269.5,38612.5,38728.5,75446.5,75597.5,231437.0,234908.5,739277.5,761455.5,90.7,0.116,0.825,86.85,91.7,0.182,0.855,87.35
2024-10-16,8564.0,8607.0,15953.5,16017.0,38076.0,38190.0,74522.0,74671.0,148035.5,150256.0,228980.0,232415.0,366839.0,377844.0,731637.5,753586.5,7459351.5,7504107.5,8669.0,8712.5,16061.5,16125.5,38252.0,38367.0,74725.0,74874.5,229196.5,232634.5,732075.5,754037.5,90.7,0.116,0.825,86.85,91.7,0.182,0.855,87.35
2024-10-15,8580.0,8623.0,15985.5,16049.5,38156.5,38271.0,74683.0,74832.5,148357.0,150582.5,229480.5,232922.5,367643.0,378672.0,733245.5,755243.0,7475432.5,7520285.0,8685.0,8728.5,16093.5,16157.5,38332.5,38447.5,74886.0,75036.0,229697.0,233142.5,733683.5,755694.0,90.7,0.116,0.825,86.85,91.7,0.182,0.855,87.35
2024-10-14,,,,,,,,,,,,,,,,,,,8668.5,8711.5,16060.0,16124.0,38248.5,38363.5,74718.0,74867.5,229175.5,232613.0,732006.5,753967.0,90.7,0.116,0.825,86.85,91.7,0.182,0.855,87.35
2024-10-13,,,,,,,,,,,,,,,,,,,,,,,,,,,,,,,90.7,0.116,0.825,86.85,91.7,0.182,0.855,87.35
2024-10-12,8563.5,8606.0,15953.0,16016.5,38061.0,38175.5,74504.0,74653.0,148114.5,150336.5,228954.5,232389.0,366909.0,377916.5,731531.0,753477.0,7458601.5,7503353.0,,,,,,,,,,,,,90.7,0.116,0.825,86.85,91.7,0.182,0.855,87.35
2024-10-11,8483.5,8526.0,15793.0,15856.5,37661.5,37774.5,73705.0,73852.0,146516.0,148714.0,226468.5,229865.5,362913.0,373800.5,723539.0,745245.0,7378681.0,7422953.5,8589.0,8631.5,15901.0,15964.5,37848.5,37962.0,73918.0,74065.5,226689.5,230090.0,724014.5,745735.0,90.7,0.116,0.825,86.85,91.7,0.182,0.855,87.35
2024-10-10,8429.0,8471.0,15688.0,15751.0,37411.5,37524.0,73200.0,73346.5,145510.0,147692.5,224908.5,228282.5,360408.5,371220.5,718536.0,740092.0,,,8539.0,8581.5,15801.5,15864.5,37598.0,37711.0,73417.0,73564.0,225134.5,228511.5,719015.5,740586.0,90.7,0.116,0.825,86.85,91.7,0.182,0.855,87.35
2024-10-09,8497.0,8539.5,15824.5,15888.0,37752.5,37866.0,73882.0,74029.5,146873.5,149077.0,227030.0,230435.5,363818.0,374733.0,725355.5,747116.0,,,8607.0,8650.0,15937.0,16001.0,37939.5,38053.5,74100.0,74248.5,227255.5,230664.5,725835.0,747610.0,90.7,0.116,0.825,86.85,91.7,0.182,0.855,87.35
2024-10-08,8469.5,8511.5,15769.0,15832.0,37613.5,37726.5,73604.0,73751.0,146318.0,148512.5,226165.5,229558.0,362429.0,373301.5,722576.5,744254.0,,,8579.5,8622.0,15881.5,15945.5,37800.5,37914.0,73822.0,73969.5,226391.5,229787.5,723056.5,744748.0,90.7,0.116,0.825,86.85,91.7,0.182,0.855,87.35
2024-10-07,,,,,,,,,,,,,,,,,,,8604.0,8647.0,15931.0,15995.0,37924.5,38038.5,74070.0,74218.0,227162.0,230569.5,725534.5,747300.5,90.7,0.116,0.825,86.85,91.7,0.182,0.855,87.35
2024-10-06,,,,,,,,,,,,,,,,,,,,,,,,,,,,,,,90.7,0.116,0.825,86.85,91.7,0.182,0.855,87.35
2024-10-05,8489.0,8531.5,15814.0,15877.0,37732.5,37845.5,73847.0,73994.5,146807.0,149009.0,226931.5,230335.5,363663.0,374572.5,725049.5,746801.0,,,,,,,,,,,,,,,90.7,0.116,0.825,86.85,91.7,0.182,0.855,87.35
2024-10-04,8462.0,8504.5,15760.0,15823.0,37597.5,37710.5,73577.0,73724.5,146267.5,148461.5,226092.5,229484.0,362314.5,373184.0,722353.0,744023.5,,,8577.0,8620.0,15877.5,15941.0,37789.5,37903.0,73800.0,73947.5,226323.5,229718.5,722838.0,744523.0,90.7,0.116,0.825,86.85,91.7,0.182,0.855,87.35
2024-10-03,8491.0,8533.5,15819.0,15882.5,37750.5,37864.0,73885.5,74033.0,146885.0,149088.5,227054.5,230460.0,363861.5,374777.5,725449.5,747213.0,,,8608.0,8651.0,15939.0,16003.0,37944.5,38058.5,74110.0,74258.5,227287.0,230696.5,725936.0,747714.0,90.7,0.116,0.825,86.85,91.7,0.182,0.855,87.35
2024-10-02,8495.5,8538.0,15828.0,15891.0,37772.0,37885.5,73928.5,74076.0,146971.0,149175.5,227188.0,230596.0,364076.5,374999.0,725879.0,747655.5,,,8612.0,8655.5,15947.5,16011.5,37966.0,38080.0,74153.5,74301.5,227421.0,230832.0,726366.0,748157.0,90.7,0.116,0.825,86.85,91.7,0.182,0.855,87.35
2024-10-01,8388.5,8430.5,15616.0,15678.5,37245.0,37357.0,72876.0,73022.0,144868.0,147041.0,223919.5,227278.5,358823.5,369588.0,715375.5,736837.0,,,8507.5,8550.0,15738.5,15801.5,37440.5,37552.5,73101.5,73247.5,224154.5,227517.0,715864.5,737340.5,90.7,0.116,0.825,86.85,91.7,0.182,0.855,87.35
2024-09-30,,,,,,,,,,,,,,,,,,,8593.5,8636.5,15910.0,15973.5,37871.0,37985.0,73963.5,74111.0,226830.5,230233.0,724468.5,746203.0,,,,,,,,
2024-09-27,,,,,,,,,,,,,,,,,,,8598.5,8641.5,15920.0,15984.0,37897.0,38010.5,74015.0,74163.0,226990.5,230395.5,724983.0,746732.5,,,,,,,,
2024-09-26,,,,,,,,,,,,,,,,,,,8592.0,8635.0,15907.5,15971.5,37865.5,37979.5,73952.5,74100.5,226797.0,230199.0,724360.5,746091.5,,,,,,,,
2024-09-25,,,,,,,,,,,,,,,,,,,8525.5,8568.0,15774.0,15837.0,37529.5,37642.0,73280.0,73426.5,224708.5,228079.0,717645.5,739175.0,,,,,,,,
2024-09-24,,,,,,,,,,,,,,,,,,,8511.5,8554.0,15746.5,15809.5,37460.0,37572.5,73140.5,73287.0,224276.0,227640.5,716256.0,737743.5,,,,,,,,
2024-09-23,,,,,,,,,,,,,,,,,,,8445.5,8488.0,15614.5,15677.0,37128.0,37239.5,72477.5,72622.0,222216.0,225549.0,709632.0,730921.0,,,,,,,,
2024-09-20,,,,,,,,,,,,,,,,,,,8366.5,8408.5,15456.0,15518.0,36729.5,36840.0,71680.0,71823.5,219740.5,223036.5,701674.0,722724.0,,,,,,,,
2024-09-19,,,,,,,,,,,,,,,,,,,8359.5,8401.0,15442.0,15504.0,36694.5,36804.5,72479.5,72624.5,222502.5,225840.0,705070.5,726222.5,,,,,,,,
2024-09-18,,,,,,,,,,,,,,,,,,,8387.5,8429.5,15498.0,15560.0,36835.0,36945.5,72760.5,72906.0,223375.0,226726.0,707875.5,729112.0,,,,,,,,
2024-09-17,,,,,,,,,,,,,,,,,,,8422.5,8464.5,15568.0,15630.0,37011.0,37122.0,73112.0,73258.5,224467.5,227834.5,711387.5,732729.0,,,,,,,,
2024-09-16,,,,,,,,,,,,,,,,,,,8388.5,8430.5,15500.0,15562.0,36840.0,36950.5,72771.0,72916.5,223407.5,226758.5,707979.5,729219.0,,,,,,,,
2024-09-13,,,,,,,,,,,,,,,,,,,8294.0,8335.5,15311.5,15372.5,36365.5,36475.0,71822.0,71965.5,220460.5,223767.5,698505.0,719460.0,,,,,,,,
2024-09-12,,,,,,,,,,,,,,,,,,,8178.0,8219.0,15079.5,15140.0,35782.0,35889.5,70655.0,70796.0,216836.0,220088.5,686852.0,707457.5,,,,,,,,
2024-09-11,,,,,,,,,,,,,,,,,,,8174.0,8215.0,15071.5,15132.0,35762.5,35870.0,70615.5,70756.5,216714.0,219964.5,686459.5,707053.0,,,,,,,,
2024-09-10,,,,,,,,,,,,,,,,,,,8156.5,8197.0,15036.0,15096.0,35673.0,35780.0,70436.5,70577.5,216158.0,219400.5,684672.5,705213.0,,,,,,,,
2024-09-09,,,,,,,,,,,,,,,,,,,8174.0,8214.5,15071.0,15131.0,35760.5,35867.5,70611.5,70752.5,216701.0,219951.5,686419.0,707011.5,,,,,,,,
2024-09-06,,,,,,,,,,,,,,,,,,,8185.5,8226.5,15094.0,15154.5,35818.5,35926.0,70728.0,70869.5,217062.5,220318.5,687581.0,708208.5,,,,,,,,
2024-09-05,,,,,,,,,,,,,,,,,,,8138.0,8179.0,14999.5,15059.5,35581.5,35688.5,70253.5,70394.0,215590.0,218823.5,682846.0,703331.5,,,,,,,,
2024-09-04,,,,,,,,,,,,,,,,,,,8135.0,8176.0,14993.5,15053.5,35566.0,35672.5,70222.5,70363.0,215493.5,218726.0,682536.0,703012.0,,,,,,,,
2024-09-03,,,,,,,,,,,,,,,,,,,8196.0,8237.0,15115.0,15175.5,35871.5,35979.0,70833.5,70975.5,217391.0,220652.0,688637.5,709296.5,,,,,,,,
2024-09-02,,,,,,,,,,,,,,,,,,,8250.5,8292.0,15224.5,15285.5,36147.5,36256.0,71385.5,71528.0,219105.0,222391.5,694147.0,714971.5,,,,,,,,
2024-08-30,,,,,,,,,,,,,,,,,,,8275.0,8316.5,15273.5,15334.5,36269.5,36378.5,71630.0,71773.0,219864.5,223162.5,696588.5,717486.0,,,,,,,,
2024-08-29,,,,,,,,,,,,,,,,,,,8243.5,8284.5,15210.5,15271.0,36111.5,36219.5,71313.0,71455.5,218880.0,222163.5,693424.0,714227.0,,,,,,,,
2024-08-28,,,,,,,,,,,,,,,,,,,8255.5,8296.5,15234.0,15295.0,36171.0,36279.5,71433.0,71576.0,219252.5,222541.0,694621.5,715460.0,,,,,,,,
2024-08-27,,,,,,,,,,,,,,,,,,,8268.5,8310.0,15260.5,15321.5,36237.5,36346.0,71565.0,71708.0,219662.5,222957.5,695940.0,716818.5,,,,,,,,
2024-08-26,,,,,,,,,,,,,,,,,,,8279.0,8320.5,15281.0,15342.5,36289.5,36398.5,71670.0,71813.0,219988.5,223288.0,696987.0,717897.0,,,,,,,,
2024-08-23,,,,,,,,,,,,,,,,,,,8214.5,8255.5,15152.0,15213.0,35965.0,36073.0,71020.5,71162.5,217972.0,221241.5,690505.0,711220.0,,,,,,,,
2024-08-22,,,,,,,,,,,,,,,,,,,8264.5,8305.5,15252.0,15313.0,36216.0,36324.5,71522.5,71665.5,219530.0,222823.0,695514.0,716379.0,,,,,,,,
2024-08-21,,,,,,,,,,,,,,,,,,,8356.5,8398.5,15436.5,15498.0,36680.0,36790.0,72451.0,72595.5,222413.5,225750.0,704784.0,725928.0,,,,,,,,
2024-08-20,,,,,,,,,,,,,,,,,,,8262.5,8303.5,15248.0,15309.0,36205.5,36314.0,71502.0,71645.0,219466.0,222758.0,695308.5,716168.0,,,,,,,,
2024-08-19,,,,,,,,,,,,,,,,,,,8238.5,8279.5,15200.0,15260.5,36085.0,36193.0,71260.5,71403.0,218716.5,221997.0,692897.5,713684.5,,,,,,,,
2024-08-16,,,,,,,,,,,,,,,,,,,8131.0,8171.5,14985.0,15045.0,35544.5,35651.5,70180.0,70320.5,215361.0,218591.5,682111.0,702574.0,,,,,,,,
2024-08-15,,,,,,,,,,,,,,,,,,,8158.5,8199.5,15040.0,15100.5,35683.5,35790.5,70457.0,70598.0,216222.0,219465.5,684878.5,705424.5,,,,,,,,
2024-08-14,,,,,,,,,,,,,,,,,,,8197.0,8238.0,15117.5,15178.0,35877.5,35985.0,70845.5,70987.0,217427.5,220689.0,688754.5,709417.0,,,,,,,,
2024-08-13,,,,,,,,,,,,,,,,,,,8119.0,8159.5,14961.0,15021.0,35484.5,35590.5,70059.0,70199.0,214986.0,218210.5,680904.5,701331.5,,,,,,,,
2024-08-12,,,,,,,,,,,,,,,,,,,8054.5,8095.0,14832.5,14892.0,35161.0,35266.5,69413.0,69551.5,212979.0,216173.5,674452.0,694685.5,,,,,,,,
2024-08-09,,,,,,,,,,,,,,,,,,,7992.0,8032.0,14707.5,14766.5,34847.0,34951.5,68784.5,69099.0,211027.0,214192.5,668177.0,688222.5,,,,,,,,
2024-08-08,,,,,,,,,,,,,,,,,,,7930.5,7970.0,14583.5,14642.0,34535.0,34639.0,68161.0,69099.0,209090.5,212227.0,661951.5,681810.0,,,,,,,,
2024-08-07,,,,,,,,,,,,,,,,,,,7908.0,7947.5,14539.0,14597.5,34423.0,34526.5,67937.0,69099.0,208395.0,211521.0,659715.5,679507.0,,,,,,,,
2024-08-06,,,,,,,,,,,,,,,,,,,7894.5,7934.0,14512.0,14570.0,34354.5,34457.5,67800.0,69099.0,207969.5,211089.0,658347.0,678097.5,,,,,,,,
2024-08-05,,,,,,,,,,,,,,,,,,,8062.5,8103.0,14848.5,14907.5,35201.0,35306.5,69492.0,69631.0,213225.0,216423.0,675242.5,695499.5,,,,,,,,
2024-08-02,,,,,,,,,,,,,,,,,,,8021.5,8061.5,14766.0,14825.0,34994.0,35098.5,69078.0,69216.0,211939.0,215118.0,671109.0,691242.0,,,,,,,,
2024-08-01,,,,,,,,,,,,,,,,,,,7945.5,7985.0,14614.0,14672.5,34611.5,34715.5,68313.5,69099.0,209565.5,212709.0,663477.0,683381.5,,,,,,,,
2024-07-31,,,,,,,,,,,,,,,,,,,7848.5,7888.0,14420.0,14478.0,34124.0,34226.0,67338.0,69099.0,206536.0,209634.0,653738.0,673350.0,,,,,,,,
2024-07-30,,,,,,,,,,,,,,,,,,,7851.0,7890.0,14425.0,14482.5,34135.5,34238.0,67361.0,69099.0,206607.5,209706.5,653967.5,673586.5,,,,,,,,
2024-07-29,,,,,,,,,,,,,,,,,,,7838.0,7877.5,14399.5,14457.0,34072.0,34174.0,67234.0,69099.0,206212.5,209306.0,652698.0,672279.0,,,,,,,,
2024-07-26,,,,,,,,,,,,,,,,,,,7791.5,7830.5,14306.0,14363.0,33836.0,33937.5,66763.0,69099.0,204749.0,208773.5,647992.5,667432.5,,,,,,,,
2024-07-25,,,,,,,,,,,,,,,,,,,7947.5,7987.5,14618.5,14677.0,34623.0,34726.5,68336.5,69099.0,209635.5,212780.0,663703.0,683614.0,,,,,,,,
2024-07-24,,,,,,,,,,,,,,,,,,,7909.0,7948.5,14541.0,14599.5,34428.0,34531.5,67946.5,69099.0,208425.0,211551.5,659810.5,679605.0,,,,,,,,
2024-07-23,,,,,,,,,,,,,,,,,,,7899.0,7938.0,14520.5,14579.0,34376.5,34479.5,67843.5,69099.0,208105.5,211227.5,658784.5,678548.0,,,,,,,,
2024-07-22,,,,,,,,,,,,,,,,,,,7931.5,7971.0,14586.0,14644.0,34540.0,34644.0,68171.0,69099.0,209122.0,212259.0,662052.0,681913.5,,,,,,,,
2024-07-19,,,,,,,,,,,,,,,,,,,8107.0,8147.5,14937.5,14997.5,35425.5,35531.5,69941.0,70081.0,214619.5,217839.0,679727.0,700119.0,,,,,,,,
2024-07-18,,,,,,,,,,,,,,,,,,,8164.0,8205.0,15051.5,15111.5,35712.0,35819.0,70514.5,70655.5,216400.0,219646.0,685450.5,706014.0,,,,,,,,
2024-07-17,,,,,,,,,,,,,,,,,,,8085.0,8125.5,14893.0,14952.5,35313.0,35419.0,69717.0,70042.5,213923.0,217132.0,677487.5,697812.0,,,,,,,,
2024-07-16,,,,,,,,,,,,,,,,,,,8030.5,8070.5,14784.0,14843.0,35038.5,35143.5,69167.0,70042.5,212216.0,215399.0,671999.0,692159.0,,,,,,,,
2024-07-15,,,,,,,,,,,,,,,,,,,7991.0,8031.0,14705.0,14764.0,34840.5,34945.0,68771.5,70042.5,210987.5,214152.5,668050.0,688091.5,,,,,,,,
2024-07-12,,,,,,,,,,,,,,,,,,,7998.0,8038.0,14719.5,14778.5,34877.0,34981.5,68844.5,70042.5,211213.0,214381.5,668775.0,688838.0,,,,,,,,
2024-07-11,,,,,,,,,,,,,,,,,,,7944.0,7983.5,14611.0,14669.5,34604.0,34708.0,68298.5,70042.5,209519.0,212661.5,663327.5,683227.5,,,,,,,,
2024-07-10,,,,,,,,,,,,,,,,,,,7910.5,7950.0,14544.5,14602.5,34436.0,34539.5,67963.0,70042.5,208475.5,211603.0,659974.0,679773.0,,,,,,,,
2024-07-09,,,,,,,,,,,,,,,,,,,7944.0,7984.0,14611.5,14669.5,34604.5,34708.0,68299.5,70042.5,209520.5,212663.5,663334.0,683234.0,,,,,,,,
2024-07-08,,,,,,,,,,,,,,,,,,,7961.0,8000.5,14644.5,14703.5,34688.5,34792.5,68467.5,70042.5,210043.5,213194.5,665015.0,684965.5,,,,,,,,
2024-07-05,,,,,,,,,,,,,,,,,,,7914.0,7953.5,14551.0,14609.0,34453.0,34556.0,67996.0,70042.5,208579.0,211708.0,660306.5,680115.5,,,,,,,,
2024-07-04,,,,,,,,,,,,,,,,,,,7924.0,7964.0,14571.5,14630.0,34505.0,34608.5,68100.0,70042.5,208902.5,212036.0,661346.0,681186.5,,,,,,,,
2024-07-03,,,,,,,,,,,,,,,,,,,7848.0,7887.0,14419.0,14476.5,34120.5,34223.0,67331.5,70042.5,206515.5,209613.5,653672.0,673282.0,,,,,,,,
2024-07-02,,,,,,,,,,,,,,,,,,,7857.0,7896.5,14437.0,14495.0,34166.5,34269.0,67423.5,70042.5,206801.0,209903.0,654590.0,674228.0,,,,,,,,
2024-07-01,,,,,,,,,,,,,,,,,,,7869.0,7908.5,14461.5,14519.0,34227.5,34330.0,67545.0,70042.5,207179.0,210286.5,655804.5,675479.0,,,,,,,,
2024-06-28,,,,,,,,,,,,,,,,,,,7849.0,7888.5,14421.5,14479.5,34127.5,34230.0,67345.5,70042.5,206558.5,209657.0,653810.5,673424.5,,,,,,,,
2024-06-27,,,,,,,,,,,,,,,,,,,7784.5,7823.5,14292.5,14349.5,33802.0,33903.5,66694.5,70042.5,204537.5,207965.5,647312.5,666732.0,,,,,,,,
2024-06-26,,,,,,,,,,,,,,,,,,,7863.5,7902.5,14450.0,14508.0,34199.0,34301.5,67488.5,70042.5,207002.0,210107.0,655236.0,674893.0,,,,,,,,
2024-06-25,,,,,,,,,,,,,,,,,,,7881.5,7921.0,14486.5,14544.5,34290.5,34393.5,67671.5,70042.5,207571.0,210684.5,657064.5,676776.5,,,,,,,,
2024-06-24,,,,,,,,,,,,,,,,,,,7904.0,7943.5,14531.0,14589.5,34403.0,34506.0,67896.5,70042.5,208269.0,211393.0,659310.0,679089.5,,,,,,,,
2024-06-21,,,,,,,,,,,,,,,,,,,7960.5,8000.0,14644.0,14702.5,34686.5,34790.5,68463.5,70042.5,210030.0,213180.5,664971.0,684920.5,,,,,,,,
2024-06-20,,,,,,,,,,,,,,,,,,,7914.5,7954.0,14551.5,14610.0,34454.5,34558.0,67999.5,70042.5,208590.5,211719.0,660342.5,680153.0,,,,,,,,
2024-06-19,,,,,,,,,,,,,,,,,,,7937.0,7976.5,14597.0,14655.5,34569.0,34672.5,68228.5,70042.5,209300.0,212439.5,662624.5,682503.0,,,,,,,,
2024-06-18,,,,,,,,,,,,,,,,,,,7943.5,7983.5,14610.5,14669.0,34602.5,34706.5,68295.5,70042.5,209509.5,212652.0,663297.5,683196.5,,,,,,,,
2024-06-14,,,,,,,,,,,,,,,,,,,7863.0,7902.5,14449.5,14507.5,34198.0,34300.5,67486.5,70042.5,206996.0,210101.0,655217.0,674873.5,,,,,,,,
2024-06-13,,,,,,,,,,,,,,,,,,,7893.5,7933.0,14510.0,14568.0,34349.5,34452.5,67789.5,70042.5,207937.5,211057.0,658244.5,677991.5,,,,,,,,
2024-06-12,,,,,,,,,,,,,,,,,,,7869.5,7909.0,14462.5,14520.5,34230.0,34333.0,67551.0,70042.5,207196.5,210304.5,655861.0,675536.5,,,,,,,,
2024-06-11,,,,,,,,,,,,,,,,,,,7837.5,7876.5,14398.0,14455.5,34068.0,34170.5,67227.0,70042.5,206190.0,209283.0,652625.5,672204.5,,,,,,,,
2024-06-10,,,,,,,,,,,,,,,,,,,7872.0,7911.5,14467.0,14525.0,34241.5,34344.0,67573.5,70042.5,207266.5,210375.5,656086.0,675768.5,,,,,,,,
2024-06-07,,,,,,,,,,,,,,,,,,,8016.0,8056.0,14755.0,14814.0,34966.0,35071.0,69022.5,70042.5,211766.5,214943.0,670554.5,690671.5,,,,,,,,
2024-06-06,,,,,,,,,,,,,,,,,,,7959.5,7999.5,14642.5,14701.0,34683.5,34787.5,68457.0,68594.0,210011.0,213161.0,664910.5,684857.5,,,,,,,,
2024-06-05,,,,,,,,,,,,,,,,,,,7937.5,7977.5,14598.5,14657.0,34572.0,34676.0,68235.0,68371.5,209320.5,212460.5,662690.5,682571.0,,,,,,,,
2024-06-04,,,,,,,,,,,,,,,,,,,7982.0,8021.5,14686.5,14745.5,34794.0,34898.5,68679.0,68816.5,210699.5,213860.0,667124.0,687137.5,,,,,,,,
2024-06-03,,,,,,,,,,,,,,,,,,,8011.5,8051.5,14746.0,14805.0,34943.0,35048.0,68977.0,69115.0,211625.0,214799.0,670098.5,690201.5,,,,,,,,
2024-05-31,,,,,,,,,,,,,,,,,,,8012.0,8052.5,14747.5,14806.5,34947.5,35052.0,68985.5,69123.5,211651.0,214826.0,670183.0,690288.5,,,,,,,,
2024-05-30,,,,,,,,,,,,,,,,,,,7997.5,8037.5,14718.5,14777.5,34874.0,34978.5,68838.5,68976.0,211195.0,214363.0,668717.0,688778.5,,,,,,,,
2024-05-29,,,,,,,,,,,,,,,,,,,8033.0,8073.5,14789.5,14848.5,35052.5,35158.0,69196.0,69334.5,212305.5,215490.0,672286.5,692455.0,,,,,,,,
2024-05-28,,,,,,,,,,,,,,,,,,,8012.0,8052.0,14747.0,14806.0,34945.5,35050.5,68982.0,69119.5,211640.0,214814.5,670147.5,690252.0,,,,,,,,
2024-05-27,,,,,,,,,,,,,,,,,,,8015.0,8055.0,14753.0,14812.0,34961.0,35066.0,69013.0,69151.0,211737.0,214913.0,670459.5,690573.5,,,,,,,,
2024-05-24,,,,,,,,,,,,,,,,,,,8059.0,8099.5,14841.5,14901.0,35183.5,35289.0,69457.5,69596.5,213118.0,216315.0,674899.5,695146.0,,,,,,,,
2024-05-23,,,,,,,,,,,,,,,,,,,8203.5,8244.5,15130.0,15190.5,35910.0,36017.5,70910.0,71052.0,217629.0,220893.5,689402.0,710084.0,,,,,,,,
2024-05-22,,,,,,,,,,,,,,,,,,,8268.0,8309.5,15259.5,15320.5,36235.0,36344.0,71561.0,71704.0,219650.0,222944.5,695898.5,716775.5,,,,,,,,
2024-05-21,,,,,,,,,,,,,,,,,,,8252.0,8293.0,15227.0,15288.0,36153.5,36262.0,71397.5,71540.5,219143.0,222430.0,694269.0,715097.0,,,,,,,,
2024-05-20,,,,,,,,,,,,,,,,,,,8203.0,8244.0,15129.5,15190.0,35907.5,36015.5,70905.5,71047.5,217615.0,220879.0,689356.5,710037.5,,,,,,,,
2024-05-17,,,,,,,,,,,,,,,,,,,8136.0,8176.5,14995.0,15055.0,35570.0,35676.5,70230.5,70371.0,215517.5,218750.5,682614.0,703092.0,,,,,,,,
2024-05-16,,,,,,,,,,,,,,,,,,,8084.5,8125.0,14892.5,14952.0,35311.5,35417.5,69713.5,69852.5,213912.0,217121.0,677452.0,697775.5,,,,,,,,
2024-05-15,,,,,,,,,,,,,,,,,,,8077.5,8118.0,14878.5,14938.0,35277.0,35383.0,69644.5,69783.5,213698.0,216903.5,676764.0,697066.5,,,,,,,,
2024-05-14,,,,,,,,,,,,,,,,,,,8047.0,8087.0,14817.0,14876.0,35121.5,35227.0,69333.5,69472.0,212732.5,215923.5,673659.5,693869.5,,,,,,,,
2024-05-13,,,,,,,,,,,,,,,,,,,8128.5,8169.5,14980.5,15040.5,35533.0,35639.5,70157.0,70297.0,215289.5,218518.5,681879.5,702336.0,,,,,,,,
2024-05-11,,,,,,,,,,,,,,,,,,,8129.5,8170.0,14982.0,15042.0,35537.0,35643.5,70164.5,70304.5,215312.5,218542.0,681954.5,702413.0,,,,,,,,
2024-05-10,,,,,,,,,,,,,,,,,,,7999.0,8039.0,14721.5,14780.5,34882.0,34986.5,68854.5,68992.5,211245.0,214414.0,668878.0,688944.0,,,,,,,,
2024-05-08,,,,,,,,,,,,,,,,,,,7995.0,8035.0,14713.5,14772.5,34862.0,34966.5,68814.0,68951.5,211119.5,214286.0,668473.5,688527.5,,,,,,,,
2024-05-07,,,,,,,,,,,,,,,,,,,7932.0,7971.5,14587.0,14645.5,34543.5,34647.0,68177.5,68314.0,209142.5,212279.5,662118.0,681981.5,,,,,,,,
2024-05-06,,,,,,,,,,,,,,,,,,,7932.5,7972.0,14588.0,14646.5,34546.5,34650.0,68183.0,68319.5,209160.0,212297.5,662174.0,682039.0,,,,,,,,
2024-04-30,,,,,,,,,,,,,,,,,,,8042.0,8082.0,14807.0,14866.5,35097.0,35202.0,69284.5,69423.0,212580.0,215768.5,673169.5,693364.5,,,,,,,,
2024-04-29,,,,,,,,,,,,,,,,,,,8080.0,8120.5,14883.0,14942.5,35288.0,35394.0,69666.5,69806.0,213767.0,216973.5,676985.5,697295.0,,,,,,,,
2024-04-26,,,,,,,,,,,,,,,,,,,8013.0,8053.0,14749.5,14808.5,34951.5,35056.5,68994.0,69132.0,211677.5,214852.5,670268.0,690376.0,,,,,,,,
2024-04-25,,,,,,,,,,,,,,,,,,,8018.5,8058.5,14759.5,14819.0,34978.0,35083.0,69046.5,69184.5,211840.5,215018.0,670792.0,690915.5,,,,,,,,
2024-04-24,,,,,,,,,,,,,,,,,,,8041.5,8081.5,14806.5,14865.5,35095.0,35200.0,69280.5,69419.0,212567.5,215756.0,673129.0,693323.0,,,,,,,,
2024-04-23,,,,,,,,,,,,,,,,,,,8064.0,8104.5,14851.5,14911.0,35208.5,35314.5,69508.0,69647.0,213274.5,216473.5,675401.5,695664.0,,,,,,,,
2024-04-22,,,,,,,,,,,,,,,,,,,8200.0,8241.0,15123.0,15183.5,35891.5,35999.5,70873.5,71015.5,217516.0,220778.5,689038.0,709709.5,,,,,,,,
2024-04-19,,,,,,,,,,,,,,,,,,,8207.5,8248.5,15138.5,15199.0,35931.0,36038.5,70952.0,71094.0,217759.0,221025.5,689820.0,710514.5,,,,,,,,
2024-04-18,,,,,,,,,,,,,,,,,,,8229.5,8270.5,15182.0,15242.5,36040.0,36148.0,71170.0,71312.5,218436.5,221713.0,691998.5,712758.5,,,,,,,,
2024-04-17,,,,,,,,,,,,,,,,,,,8176.5,8217.5,15076.5,15136.5,35774.5,35882.0,70639.5,70781.0,216789.0,220041.0,686701.5,707302.5,,,,,,,,
2024-04-16,,,,,,,,,,,,,,,,,,,8106.5,8147.0,14936.0,14996.0,35422.0,35528.0,69934.5,70074.0,214598.5,217817.5,679658.5,700048.5,,,,,,,,
2024-04-15,,,,,,,,,,,,,,,,,,,8270.0,8311.5,15263.0,15324.0,36244.0,36353.0,71578.5,71722.0,219705.0,223000.5,696076.0,716958.5,,,,,,,,
2024-04-12,,,,,,,,,,,,,,,,,,,8110.5,8151.0,14944.5,15004.5,35442.5,35549.0,69976.0,70116.0,214727.5,217948.5,680074.0,700476.0,,,,,,,,
2024-04-11,,,,,,,,,,,,,,,,,,,8074.5,8115.0,14872.5,14932.0,35261.0,35367.0,69613.0,69752.0,213600.5,216804.5,676449.5,696743.0,,,,,,,,
2024-04-09,,,,,,,,,,,,,,,,,,,8042.0,8082.0,14807.0,14866.0,35096.0,35201.5,69283.0,69421.5,212575.0,215763.5,673153.5,693348.5,,,,,,,,
2024-04-08,,,,,,,,,,,,,,,,,,,7992.0,8032.0,14707.5,14766.5,34846.5,34951.0,68784.0,68921.5,211025.5,214191.0,668172.0,688217.0,,,,,,,,
2024-04-05,,,,,,,,,,,,,,,,,,,7979.0,8018.5,14681.0,14739.5,34779.5,34883.5,68649.5,68786.5,210607.5,213766.5,666828.0,686832.5,,,,,,,,
2024-04-04,,,,,,,,,,,,,,,,,,,7940.5,7980.5,14604.5,14663.0,34587.5,34691.0,68265.0,68401.5,209414.5,212556.0,662993.0,682882.5,,,,,,,,
2024-04-03,,,,,,,,,,,,,,,,,,,7896.0,7935.5,14515.0,14573.0,34362.0,34465.5,67815.0,67950.5,208016.5,211136.5,658497.5,678252.0,,,,,,,,
2024-04-02,,,,,,,,,,,,,,,,,,,7756.5,7795.5,14236.5,14293.5,33661.0,33762.0,66413.0,66546.0,203662.5,206717.5,644500.0,663835.0,,,,,,,,
2024-04-01,,,,,,,,,,,,,,,,,,,7761.0,7800.0,14245.5,14302.5,33684.0,33785.0,66458.0,66591.0,203803.0,206860.0,644951.0,664299.5,,,,,,,,
2024-03-29,,,,,,,,,,,,,,,,,,,7761.0,7800.0,14245.5,14302.5,33684.0,33785.0,66458.5,66591.0,203803.5,206860.5,644952.5,664301.0,,,,,,,,
2024-03-28,,,,,,,,,,,,,,,,,,,7702.0,7740.5,14127.0,14183.5,33386.0,33486.0,65862.0,65994.0,201952.0,204981.0,639000.0,658170.0,,,,,,,,
2024-03-27,,,,,,,,,,,,,,,,,,,7665.0,7703.0,14053.0,14109.0,33200.0,33299.5,65490.5,65621.5,200797.0,203809.0,635287.5,654346.5,,,,,,,,
2024-03-26,,,,,,,,,,,,,,,,,,,7656.0,7694.5,14035.0,14091.5,33155.0,33254.5,65401.0,65532.0,200519.5,203527.5,634395.5,653427.5,,,,,,,,
2024-03-25,,,,,,,,,,,,,,,,,,,7641.5,7679.5,14006.0,14062.0,33081.5,33181.0,65254.0,65384.5,200063.0,203064.0,632928.0,651915.5,,,,,,,,
2024-03-20,,,,,,,,,,,,,,,,,,,7593.5,7631.5,13910.5,13966.0,32841.0,32939.5,64772.5,64902.0,198568.5,201547.0,628122.0,646965.5,,,,,,,,
2024-03-19,,,,,,,,,,,,,,,,,,,7603.0,7641.0,13929.0,13984.5,32888.0,32986.5,64866.5,64996.0,198859.5,201842.0,629057.5,647929.0,,,,,,,,
2024-03-18,,,,,,,,,,,,,,,,,,,7618.0,7656.0,13959.5,14015.0,32964.5,33063.0,65019.0,65149.0,199333.5,202323.5,630582.5,649500.0,,,,,,,,
2024-03-15,,,,,,,,,,,,,,,,,,,7610.5,7648.5,13944.0,14000.0,32926.0,33025.0,64942.5,65072.5,199096.5,202083.0,629820.0,648714.5,,,,,,,,
2024-03-14,,,,,,,,,,,,,,,,,,,7630.5,7669.0,13984.5,14040.5,33027.5,33126.5,65145.5,65276.0,199727.0,202723.0,631846.5,650802.0,,,,,,,,
2024-03-13,,,,,,,,,,,,,,,,,,,7606.0,7644.0,13935.5,13991.5,32904.5,33003.5,64900.0,65030.0,198964.0,201948.5,629393.5,648275.5,,,,,,,,
2024-03-12,,,,,,,,,,,,,,,,,,,7661.0,7699.5,14045.5,14101.5,33181.0,33280.5,65453.0,65584.0,200681.0,203691.0,634914.0,653961.5,,,,,,,,
2024-03-11,,,,,,,,,,,,,,,,,,,7634.5,7673.0,13992.5,14048.5,33048.0,33147.0,65186.5,65317.0,199853.5,202851.5,632254.5,651222.0,,,,,,,,
2024-03-07,,,,,,,,,,,,,,,,,,,7553.5,7591.5,13830.5,13885.5,32640.0,32737.5,64370.0,64499.0,197318.5,200278.0,624103.0,642826.5,,,,,,,,
2024-03-06,,,,,,,,,,,,,,,,,,,7529.5,7567.0,13782.0,13837.0,32518.0,32615.5,64127.0,64255.0,196562.5,199511.0,621673.5,640324.0,,,,,,,,
2024-03-05,,,,,,,,,,,,,,,,,,,7425.5,7462.5,13574.0,13628.0,31995.0,32091.0,63080.0,63206.0,193312.0,196211.5,611222.5,629559.0,,,,,,,,
2024-03-04,,,,,,,,,,,,,,,,,,,7285.5,7322.0,13294.5,13348.0,31292.0,31386.0,61674.5,61798.0,188947.5,191781.5,597191.0,615106.5,,,,,,,,
2024-03-02,,,,,,,,,,,,,,,,,,,7285.5,7321.5,13294.0,13347.0,31290.0,31384.0,61670.5,61794.0,188935.0,191769.0,597150.5,615065.0,,,,,,,,
2024-03-01,,,,,,,,,,,,,,,,,,,7281.5,7318.0,13286.5,13339.5,31272.0,31365.5,61634.0,61757.5,188821.5,191653.5,596785.5,614689.0,,,,,,,,
2024-02-29,,,,,,,,,,,,,,,,,,,7237.5,7274.0,13198.5,13251.0,31050.5,31143.5,61191.0,61313.5,187445.5,190257.0,592361.5,610132.0,,,,,,,,
2024-02-28,,,,,,,,,,,,,,,,,,,7245.0,7281.5,13213.5,13266.0,31087.5,31181.0,61266.0,61388.5,187678.0,190493.0,593109.0,610902.0,,,,,,,,
2024-02-27,,,,,,,,,,,,,,,,,,,7222.5,7258.5,13168.5,13221.0,30974.5,31067.5,61040.0,61162.0,186976.0,189780.5,590852.0,608577.5,,,,,,,,
2024-02-26,,,,,,,,,,,,,,,,,,,7223.5,7259.5,13170.0,13222.5,30978.5,31071.0,61047.0,61169.0,186998.0,189803.0,590923.5,608651.5,,,,,,,,
2024-02-22,,,,,,,,,,,,,,,,,,,7221.5,7257.5,13166.0,13218.5,30968.0,31061.0,61027.0,61149.0,186935.5,189739.5,590722.5,608444.0,,,,,,,,
2024-02-21,,,,,,,,,,,,,,,,,,,7228.0,7264.0,13179.5,13232.0,31002.0,31095.0,61094.5,61216.5,187145.5,189953.0,591398.0,609140.0,,,,,,,,
2024-02-20,,,,,,,,,,,,,,,,,,,7193.5,7229.5,13110.5,13162.5,30828.5,30921.0,60747.5,60869.0,186068.0,188859.0,587933.5,605571.5,,,,,,,,
2024-02-19,,,,,,,,,,,,,,,,,,,7138.5,7174.5,13000.5,13052.5,30553.0,30644.5,60196.0,60316.5,184355.5,187121.0,582427.5,599900.5,,,,,,,,
2024-02-16,,,,,,,,,,,,,,,,,,,7156.5,7192.0,13036.0,13088.0,30641.5,30733.5,60373.0,60494.0,184905.5,187679.0,584196.0,601721.5,,,,,,,,
2024-02-15,,,,,,,,,,,,,,,,,,,7102.0,7137.5,12927.5,12979.0,30368.5,30459.5,59827.5,60139.0,183211.0,185959.0,578747.5,596110.0,,,,,,,,
2024-02-14,,,,,,,,,,,,,,,,,,,7133.5,7169.5,12990.5,13042.5,30527.0,30618.5,60144.5,60264.5,184194.5,186957.5,581910.0,599367.5,,,,,,,,
2024-02-13,,,,,,,,,,,,,,,,,,,7188.5,7224.0,13099.5,13152.0,30802.0,30894.5,60694.5,60815.5,185902.5,188691.0,587401.5,605023.5,,,,,,,,
2024-02-12,,,,,,,,,,,,,,,,,,,7212.0,7248.0,13147.0,13200.0,30921.5,31014.0,60933.5,61055.0,186645.0,189444.5,589788.0,607481.5,,,,,,,,
2024-02-09,,,,,,,,,,,,,,,,,,,7226.5,7263.0,13176.5,13229.5,30995.5,31088.5,61081.5,61204.0,187105.5,189912.0,591268.5,609007.0,,,,,,,,
2024-02-08,,,,,,,,,,,,,,,,,,,7264.0,7300.0,13251.0,13304.0,31182.0,31275.5,61454.5,61577.5,188263.5,191087.5,594992.0,612842.0,,,,,,,,
2024-02-07,,,,,,,,,,,,,,,,,,,7233.0,7269.0,13189.0,13242.0,31026.5,31119.5,61143.5,61266.0,187297.5,190107.0,591887.0,609643.5,,,,,,,,
2024-02-06,,,,,,,,,,,,,,,,,,,7196.5,7232.0,13115.5,13168.0,30842.0,30934.5,60775.0,60896.5,186153.0,188945.5,588206.5,605853.0,,,,,,,,
2024-02-05,,,,,,,,,,,,,,,,,,,7235.5,7271.5,13194.0,13246.5,31038.5,31132.0,61168.0,61290.5,187373.5,190184.0,592130.5,609894.5,,,,,,,,
2024-02-02,,,,,,,,,,,,,,,,,,,7269.0,7305.0,13260.5,13314.0,31207.0,31300.5,61504.5,61627.5,188418.5,191245.0,595490.5,613355.0,,,,,,,,
2024-02-01,,,,,,,,,,,,,,,,,,,7290.0,7326.5,13303.0,13356.0,31313.5,31407.5,61717.5,61840.5,189079.5,191916.0,597615.5,615544.0,,,,,,,,
2024-01-31,,,,,,,,,,,,,,,,,,,7261.0,7297.0,13244.5,13297.5,31166.5,31260.0,61424.0,61546.5,188168.5,190991.0,594686.5,612527.0,,,,,,,,
2024-01-30,,,,,,,,,,,,,,,,,,,7202.0,7238.0,13127.5,13180.0,30871.0,30964.0,60833.0,60954.5,186333.0,189128.0,588785.0,606449.0,,,,,,,,
2024-01-29,,,,,,,,,,,,,,,,,,,7190.5,7226.5,13104.0,13156.5,30813.0,30905.5,60716.5,60838.0,185971.0,188761.0,587622.0,605251.0,,,,,,,,
2024-01-27,,,,,,,,,,,,,,,,,,,7190.5,7226.5,13104.0,13156.5,30813.0,30905.5,60716.5,60838.0,185971.0,188761.0,587622.0,605251.0,,,,,,,,
2024-01-26,,,,,,,,,,,,,,,,,,,7205.5,7241.5,13134.5,13187.0,30889.0,30982.0,60869.0,60990.5,186444.5,189241.5,589144.0,606818.5,,,,,,,,
2024-01-25,,,,,,,,,,,,,,,,,,,7208.0,7244.0,13139.0,13191.5,30900.5,30993.0,60891.5,61013.0,186515.0,189312.5,589370.0,607051.0,,,,,,,,
2024-01-24,,,,,,,,,,,,,,,,,,,7201.5,7237.5,13126.0,13178.5,30868.0,30960.5,60826.5,60948.5,186313.5,189108.5,588723.0,606385.0,,,,,,,,
2024-01-23,,,,,,,,,,,,,,,,,,,7198.5,7234.5,13120.5,13173.0,30854.0,30946.5,60799.0,60920.5,186227.0,189020.5,588445.0,606098.0,,,,,,,,
2024-01-22,,,,,,,,,,,,,,,,,,,7219.0,7255.5,13161.5,13214.0,30957.5,31050.0,61005.0,61127.0,186868.5,189671.5,590506.5,608221.5,,,,,,,,
2024-01-19,,,,,,,,,,,,,,,,,,,7174.5,7210.0,13072.0,13124.0,30731.5,30824.0,60554.0,60675.0,185466.5,188248.5,585999.0,603578.5,,,,,,,,
2024-01-18,,,,,,,,,,,,,,,,,,,7169.5,7205.5,13062.5,13114.5,30708.0,30800.0,60506.5,60627.5,185319.5,188099.5,585527.0,603092.5,,,,,,,,
2024-01-17,,,,,,,,,,,,,,,,,,,7246.5,7283.0,13216.0,13269.0,31095.0,31188.5,61280.5,61403.0,187723.5,190539.5,593256.0,611053.5,,,,,,,,
2024-01-16,,,,,,,,,,,,,,,,,,,7280.5,7316.5,13284.0,13337.0,31265.0,31359.0,61621.0,61744.0,188780.5,191612.0,596653.5,614553.0,,,,,,,,
2024-01-15,,,,,,,,,,,,,,,,,,,7297.0,7333.5,13317.0,13370.0,31348.0,31442.0,61786.5,61910.0,189294.0,192133.5,598304.5,616254.0,,,,,,,,
2024-01-12,,,,,,,,,,,,,,,,,,,7221.0,7257.0,13165.5,13218.0,30967.0,31059.5,61024.0,61146.0,186927.0,189731.0,590695.0,608415.5,,,,,,,,
2024-01-11,,,,,,,,,,,,,,,,,,,7214.0,7250.0,13151.5,13204.0,30932.0,31025.0,60954.5,61076.5,186711.0,189511.5,590000.0,607700.0,,,,,,,,
2024-01-10,,,,,,,,,,,,,,,,,,,7235.0,7271.0,13193.0,13246.0,31037.0,31130.0,61164.0,61286.5,187362.0,190172.0,592093.0,609855.5,,,,,,,,
2024-01-09,,,,,,,,,,,,,,,,,,,7193.5,7229.5,13110.0,13162.5,30827.5,30920.0,60745.5,60867.0,186062.0,188853.0,587914.0,605551.5,,,,,,,,
2024-01-08,,,,,,,,,,,,,,,,,,,7283.5,7319.5,13290.0,13343.0,31280.5,31374.0,61651.0,61774.5,188874.0,191707.0,596954.0,614862.5,,,,,,,,
2023-12-29,,,,,,,,,,,,,,,,,,,7344.5,7381.5,13412.5,13466.0,31589.0,31683.5,62268.0,62392.5,190790.5,193652.0,603115.5,621209.0,,,,,,,,
2023-12-28,,,,,,,,,,,,,,,,,,,7317.0,7353.5,13357.0,13410.0,31448.5,31543.0,61987.5,62111.5,189919.0,192767.5,600314.0,618323.0,,,,,,,,
2023-12-27,,,,,,,,,,,,,,,,,,,7276.0,7312.5,13275.0,13328.5,31243.5,31337.0,61577.5,61700.5,188645.5,191475.0,596219.0,614105.5,,,,,,,,
2023-12-26,,,,,,,,,,,,,,,,,,,7286.5,7323.0,13296.0,13349.0,31295.5,31389.5,61682.0,61805.0,188969.5,191804.0,597261.5,615179.0,,,,,,,,
2023-12-25,,,,,,,,,,,,,,,,,,,7290.5,7327.0,13304.0,13357.0,31315.5,31409.5,61722.0,61845.5,189094.0,191930.5,597662.5,615592.5,,,,,,,,
2023-12-22,,,,,,,,,,,,,,,,,,,7228.5,7264.5,13180.0,13233.0,31004.5,31097.5,61099.0,61221.5,187160.0,189967.5,591444.0,609187.5,,,,,,,,
2023-12-21,,,,,,,,,,,,,,,,,,,7209.5,7246.0,13142.5,13195.0,30910.0,31002.5,60910.5,61032.0,186573.5,189372.5,589559.0,607246.0,,,,,,,,
2023-12-20,,,,,,,,,,,,,,,,,,,7236.0,7272.5,13195.5,13248.0,31042.5,31135.5,61175.5,61298.0,187397.5,190208.5,592207.5,609974.0,,,,,,,,
2023-12-19,,,,,,,,,,,,,,,,,,,7188.5,7224.5,13100.5,13153.0,30804.0,30896.5,60698.5,60820.0,185916.0,188705.0,587444.5,605068.0,,,,,,,,
2023-12-18,,,,,,,,,,,,,,,,,,,7211.5,7247.5,13146.0,13198.5,30918.5,31011.0,60927.0,61049.0,186625.5,189425.0,589726.0,607418.0,,,,,,,,
2023-12-15,,,,,,,,,,,,,,,,,,,7253.5,7290.0,13230.5,13283.5,31131.0,31224.5,61353.0,61475.5,187948.0,190767.0,593977.0,611796.5,,,,,,,,
2023-12-14,,,,,,,,,,,,,,,,,,,7080.0,7115.5,12883.5,12935.0,30257.5,30348.5,59606.0,59725.0,182522.5,185260.0,576534.0,593830.0,,,,,,,,
2023-12-13,,,,,,,,,,,,,,,,,,,7083.0,7118.5,12889.0,12940.5,30272.0,30363.0,59635.0,59754.0,182613.0,185352.0,576825.0,594129.5,,,,,,,,
2023-12-12,,,,,,,,,,,,,,,,,,,7099.5,7135.0,12922.5,12974.0,30355.5,30446.5,59802.0,59921.5,183131.0,185878.0,578490.5,595845.0,,,,,,,,
2023-12-11,,,,,,,,,,,,,,,,,,,7161.0,7196.5,13045.0,13097.0,30664.0,30756.0,60418.5,60539.5,185047.0,187822.5,584650.0,602189.5,,,,,,,,
